Timestamp,Change,Player,PlayerID,Old,New
2026-08-29_21-08-30,FREE AGENT CLAIMED,Alex Scott,06f8y,FA,Hoop
2026-08-29_21-08-30,PLAYER DROPPED / NOW FA,Rio Ngumoha,06r2g,Hoop,FA
2026-08-29_23-18-08,PLAYER STATUS CHANGED,Dan Ndoye,06zna,FA,W <small>(Mon)</small>
2026-08-29_23-18-08,PLAYER STATUS CHANGED,James Mcatee,05uhs,FA,W <small>(Mon)</small>
2026-08-29_23-18-08,PLAYER STATUS CHANGED,Ibrahim Sangare,06fxu,FA,W <small>(Mon)</small>
2026-08-29_23-18-08,FREE AGENT CLAIMED,Matt Grimes,03mfe,FA,007
2026-08-29_23-18-08,PLAYER STATUS CHANGED,Murillo,06fwz,FA,W <small>(Mon)</small>
2026-08-29_23-18-08,PLAYER STATUS CHANGED,Jair Cunha,06ygm,FA,W <small>(Mon)</small>
2026-08-29_23-18-08,PLAYER DROPPED TO WAIVERS,Mathys Tel,06rm8,007,W <small>(Mon)</small>
2026-08-29_23-18-08,PLAYER STATUS CHANGED,Nikola Milenkovic,06mw0,FA,W <small>(Mon)</small>
2026-08-29_23-18-08,PLAYER STATUS CHANGED,Rio Ngumoha,06r2g,FA,W <small>(Mon)</small>
2026-08-29_23-18-08,PLAYER STATUS CHANGED,Alexis Mac Allister,0522h,FA,W <small>(Mon)</small>
2026-08-29_23-18-08,PLAYER STATUS CHANGED,Xaver Schlager,0785g,FA,W <small>(Mon)</small>
2026-08-29_23-18-08,PLAYER STATUS CHANGED,Ola Aina,03frx,FA,W <small>(Mon)</small>
2026-08-29_23-18-08,PLAYER STATUS CHANGED,Hugo Ekitike,06zbz,FA,W <small>(Mon)</small>
2026-08-29_23-18-08,PLAYER STATUS CHANGED,Omari Hutchinson,05ubv,FA,W <small>(Mon)</small>
2026-08-29_23-18-08,PLAYER STATUS CHANGED,Ousmane Diomande,078j4,FA,W <small>(Mon)</small>
2026-08-29_23-18-08,PLAYER STATUS CHANGED,Callum Hudson-Odoi,04mi4,FA,W <small>(Mon)</small>
2026-08-29_23-18-08,PLAYER STATUS CHANGED,Giorgi Mamardashvili,06xzg,FA,W <small>(Mon)</small>
2026-08-29_23-18-08,PLAYER STATUS CHANGED,Conor Bradley,05uhj,FA,W <small>(Mon)</small>
2026-08-29_23-18-08,PLAYER STATUS CHANGED,Federico Chiesa,06phw,FA,W <small>(Mon)</small>
2026-08-29_23-18-08,PLAYER STATUS CHANGED,Treymaurice Nyoni,06hze,FA,W <small>(Mon)</small>
2026-08-29_23-18-08,PLAYER STATUS CHANGED,Nicolas Dominguez,06fy7,FA,W <small>(Mon)</small>
2026-08-29_23-18-08,PLAYER STATUS CHANGED,Giovanni Leoni,0701y,FA,W <small>(Mon)</small>
2026-08-29_23-18-08,PLAYER STATUS CHANGED,Harvey Elliott,04xjr,FA,W <small>(Mon)</small>
2026-08-29_23-18-08,PLAYER STATUS CHANGED,Curtis Jones,04o82,FA,W <small>(Mon)</small>
2026-08-29_23-18-08,PLAYER STATUS CHANGED,Joseph Gomez,03r93,FA,W <small>(Mon)</small>
2026-08-29_23-18-08,PLAYER STATUS CHANGED,Arnaud Kalimuendo,0703h,FA,W <small>(Mon)</small>
2026-08-29_23-18-08,PLAYER STATUS CHANGED,Luca Netz,072zr,FA,W <small>(Mon)</small>
2026-08-29_23-18-08,PLAYER STATUS CHANGED,Dilane Bakwa,070hn,FA,W <small>(Mon)</small>
2026-08-29_23-18-08,PLAYER STATUS CHANGED,John Victor,070gt,FA,W <small>(Mon)</small>
2026-08-29_23-18-08,PLAYER STATUS CHANGED,Louie Koumas,06do4,FA,W <small>(Mon)</small>
2026-08-29_23-18-08,PLAYER STATUS CHANGED,Ryan Yates,061y6,FA,W <small>(Mon)</small>
2026-08-29_23-18-08,PLAYER STATUS CHANGED,Stefan Bajcetic,062p0,FA,W <small>(Mon)</small>
2026-08-29_23-18-08,PLAYER STATUS CHANGED,Konstantinos Tsimikas,05n3v,FA,W <small>(Mon)</small>
2026-08-29_23-18-08,PLAYER STATUS CHANGED,Wataru Endo,06fso,FA,W <small>(Mon)</small>
2026-08-29_23-18-08,PLAYER STATUS CHANGED,Freddie Woodman,03m5i,FA,W <small>(Mon)</small>
2026-08-29_23-18-08,PLAYER STATUS CHANGED,Nicolo Savona,070g8,FA,W <small>(Mon)</small>
2026-08-29_23-18-08,PLAYER STATUS CHANGED,Ifeanyi Ndukwe,07850,FA,W <small>(Mon)</small>
2026-08-29_23-18-08,PLAYER STATUS CHANGED,Morato,06pig,FA,W <small>(Mon)</small>
2026-08-29_23-18-08,PLAYER STATUS CHANGED,Zach Abbott,06442,FA,W <small>(Mon)</small>
2026-08-29_23-18-08,PLAYER STATUS CHANGED,Calvin Ramsay,061z5,FA,W <small>(Mon)</small>
2026-08-29_23-18-08,PLAYER STATUS CHANGED,Steven Benda,06fwn,FA,W <small>(Mon)</small>
2026-08-29_23-18-08,PLAYER STATUS CHANGED,Vitezslav Jaros,052ce,FA,W <small>(Mon)</small>
2026-08-29_23-18-08,PLAYER STATUS CHANGED,James McConnell,06do3,FA,W <small>(Mon)</small>
2026-08-29_23-18-08,PLAYER STATUS CHANGED,Lucas Pitt,078rd,FA,W <small>(Mon)</small>
2026-08-29_23-18-08,PLAYER STATUS CHANGED,Tyler Bindon,06xzi,FA,W <small>(Mon)</small>
2026-08-29_23-18-08,PLAYER STATUS CHANGED,Omar Richards,062op,FA,W <small>(Mon)</small>
2026-08-29_23-18-08,PLAYER STATUS CHANGED,Harvey Davies,05rfp,FA,W <small>(Mon)</small>
2026-08-29_23-18-08,PLAYER STATUS CHANGED,Eric da Silva Moreira,06mnd,FA,W <small>(Mon)</small>
2026-08-29_23-18-08,PLAYER STATUS CHANGED,Natalia Ramos,078g0,FA,W <small>(Mon)</small>
2026-08-30_03-08-08,PLAYER STATUS CHANGED,Semi Ajayi,03ksl,FA,W <small>(Mon)</small>
2026-08-30_03-08-08,PLAYER STATUS CHANGED,Nobel Mendy,078mm,FA,W <small>(Mon)</small>
2026-08-30_03-08-08,PLAYER STATUS CHANGED,John Egan,02m5l,FA,W <small>(Mon)</small>
2026-08-30_03-08-08,PLAYER STATUS CHANGED,Vitalii Mykolenko,05ybq,FA,W <small>(Mon)</small>
2026-08-30_03-08-08,PLAYER STATUS CHANGED,Ryan Giles,04sjv,FA,W <small>(Mon)</small>
2026-08-30_03-08-08,PLAYER STATUS CHANGED,Harrison Armstrong,06onv,FA,W <small>(Mon)</small>
2026-08-30_03-08-08,PLAYER STATUS CHANGED,Regan Slater,05o2p,FA,W <small>(Mon)</small>
2026-08-30_03-08-08,PLAYER STATUS CHANGED,Merlin Rohl,070hi,FA,W <small>(Mon)</small>
2026-08-30_03-08-08,PLAYER STATUS CHANGED,Liam Millar,052h1,FA,W <small>(Mon)</small>
2026-08-30_03-08-08,PLAYER STATUS CHANGED,Bobby Thomas,05l2z,FA,W <small>(Mon)</small>
2026-08-30_03-08-08,PLAYER STATUS CHANGED,Lewie Coyle,076dg,FA,W <small>(Mon)</small>
2026-08-30_03-08-08,PLAYER STATUS CHANGED,Jay da Silva,03fgl,FA,W <small>(Mon)</small>
2026-08-30_03-08-08,PLAYER STATUS CHANGED,Milan van Ewijk,076d0,FA,W <small>(Mon)</small>
2026-08-30_03-08-08,PLAYER STATUS CHANGED,Lewis Cook,043qy,FA,W <small>(Mon)</small>
2026-08-30_03-08-08,PLAYER STATUS CHANGED,Aurele Amenda,0784i,FA,W <small>(Mon)</small>
2026-08-30_03-08-08,PLAYER STATUS CHANGED,Carl Rushworth,062ct,FA,W <small>(Mon)</small>
2026-08-30_03-08-08,PLAYER STATUS CHANGED,Brandon Thomas-Asante,076db,FA,W <small>(Mon)</small>
2026-08-30_03-08-08,PLAYER STATUS CHANGED,Taiwo Awoniyi,04rzl,FA,W <small>(Mon)</small>
2026-08-30_03-08-08,PLAYER STATUS CHANGED,Caleb Yirenkyi,078g4,FA,W <small>(Mon)</small>
2026-08-30_03-08-08,PLAYER STATUS CHANGED,Adam Smith,02lp5,FA,W <small>(Mon)</small>
2026-08-30_03-08-08,PLAYER STATUS CHANGED,Lewis Miley,06ab3,FA,W <small>(Tue)</small>
2026-08-30_03-08-08,PLAYER STATUS CHANGED,Jack Rudoni,076d3,FA,W <small>(Mon)</small>
2026-08-30_03-08-08,PLAYER STATUS CHANGED,Amar Dedic,078ud,FA,W <small>(Tue)</small>
2026-08-30_03-08-08,PLAYER STATUS CHANGED,Mikey Moore,06lox,FA,W <small>(Tue)</small>
2026-08-30_03-08-08,PLAYER STATUS CHANGED,Loum Tchaouna,06y27,FA,W <small>(Mon)</small>
2026-08-30_03-08-08,PLAYER STATUS CHANGED,Archie Gray,05y7c,FA,W <small>(Tue)</small>
2026-08-30_03-08-08,PLAYER STATUS CHANGED,Elliot Stroud,078hi,FA,W <small>(Mon)</small>
2026-08-30_03-08-08,PLAYER STATUS CHANGED,Hidemasa Morita,0784r,FA,W <small>(Mon)</small>
2026-08-30_03-08-08,PLAYER STATUS CHANGED,Beto,06fvn,FA,W <small>(Mon)</small>
2026-08-30_03-08-08,PLAYER STATUS CHANGED,Victor Torp,076d7,FA,W <small>(Mon)</small>
2026-08-30_03-08-08,PLAYER STATUS CHANGED,Tyler Adams,062h7,FA,W <small>(Mon)</small>
2026-08-30_03-08-08,PLAYER STATUS CHANGED,Ellis Simms,05m9r,FA,W <small>(Mon)</small>
2026-08-30_03-08-08,PLAYER STATUS CHANGED,Tatsuhiro Sakamoto,076d4,FA,W <small>(Mon)</small>
2026-08-30_03-08-08,PLAYER STATUS CHANGED,Frank Onyeka,05ue7,FA,W <small>(Mon)</small>
2026-08-30_03-08-08,PLAYER STATUS CHANGED,Lucas Gourna-Douath,078qh,FA,W <small>(Mon)</small>
2026-08-30_03-08-08,PLAYER STATUS CHANGED,Nick Woltemade,070g7,FA,W <small>(Tue)</small>
2026-08-30_03-08-08,PLAYER STATUS CHANGED,Eli Kroupi,06xza,FA,W <small>(Mon)</small>
2026-08-30_03-08-08,PLAYER STATUS CHANGED,Bazoumana Toure,0785d,FA,W <small>(Tue)</small>
2026-08-30_03-08-08,PLAYER STATUS CHANGED,Dejan Kulusevski,05ylx,FA,W <small>(Tue)</small>
2026-08-30_03-08-08,PLAYER STATUS CHANGED,Haji Wright,076da,FA,W <small>(Mon)</small>
2026-08-30_03-08-08,PLAYER STATUS CHANGED,Nick Pope,044ei,FA,W <small>(Tue)</small>
2026-08-30_03-08-08,PLAYER STATUS CHANGED,Jake O'Brien,062oh,FA,W <small>(Mon)</small>
2026-08-30_03-08-08,PLAYER STATUS CHANGED,Jacob Ramsey,051k3,FA,W <small>(Tue)</small>
2026-08-30_03-08-08,PLAYER STATUS CHANGED,Dan Burn,02lsa,FA,W <small>(Tue)</small>
2026-08-30_03-08-08,PLAYER STATUS CHANGED,Valentino Livramento,05s08,FA,W <small>(Tue)</small>
2026-08-30_03-08-08,PLAYER STATUS CHANGED,Joelinton,0554i,FA,W <small>(Tue)</small>
2026-08-30_03-08-08,PLAYER STATUS CHANGED,Gustavo Hamer,06fg0,FA,W <small>(Mon)</small>
2026-08-30_03-08-08,PLAYER STATUS CHANGED,Christian Norgaard,05tr8,FA,W <small>(Mon)</small>
2026-08-30_03-08-08,PLAYER STATUS CHANGED,Michael Keane,0327r,FA,W <small>(Mon)</small>
2026-08-30_03-08-08,PLAYER STATUS CHANGED,Ephron Mason-Clark,076d9,FA,W <small>(Mon)</small>
2026-08-30_03-08-08,PLAYER STATUS CHANGED,Xavi Simons,070fa,FA,W <small>(Tue)</small>
2026-08-30_03-08-08,PLAYER STATUS CHANGED,Aladji Bamba,07859,FA,W <small>(Tue)</small>
2026-08-30_03-08-08,PLAYER STATUS CHANGED,Destiny Udogie,063y7,FA,W <small>(Tue)</small>
2026-08-30_03-08-08,PLAYER STATUS CHANGED,Sean Steur,0785a,FA,W <small>(Tue)</small>
2026-08-30_03-08-08,PLAYER STATUS CHANGED,Alvaro Rodriguez,07849,FA,W <small>(Mon)</small>
2026-08-30_03-08-08,PLAYER STATUS CHANGED,Liam Kitching,076cz,FA,W <small>(Mon)</small>
2026-08-30_03-08-08,PLAYER STATUS CHANGED,Juanlu Sanchez,078ei,FA,W <small>(Mon)</small>
2026-08-30_03-08-08,PLAYER STATUS CHANGED,Tyler Dibling,06195,FA,W <small>(Mon)</small>
2026-08-30_03-08-08,PLAYER STATUS CHANGED,Fabian Schar,04tig,FA,W <small>(Tue)</small>
2026-08-30_03-08-08,PLAYER STATUS CHANGED,Jack Butland,032aa,FA,W <small>(Mon)</small>
2026-08-30_03-08-08,PLAYER STATUS CHANGED,Ben Doak,066nn,FA,W <small>(Mon)</small>
2026-08-30_03-08-08,PLAYER STATUS CHANGED,Pape Sarr,05w7t,FA,W <small>(Tue)</small>
2026-08-30_03-08-08,PLAYER STATUS CHANGED,Martin Dubravka,04mr4,FA,W <small>(Tue)</small>
2026-08-30_03-08-08,PLAYER STATUS CHANGED,Bafode Diakite,0700u,FA,W <small>(Mon)</small>
2026-08-30_03-08-08,PLAYER STATUS CHANGED,Wilson Odobert,06fhy,FA,W <small>(Tue)</small>
2026-08-30_03-08-08,PLAYER STATUS CHANGED,Amine Adli,070ci,FA,W <small>(Mon)</small>
2026-08-30_03-08-08,PLAYER STATUS CHANGED,Charlie Hughes,076dh,FA,W <small>(Mon)</small>
2026-08-30_03-08-08,PLAYER STATUS CHANGED,Ryan Christie,061ve,FA,W <small>(Mon)</small>
2026-08-30_03-08-08,PLAYER STATUS CHANGED,Joe Gelhardt,05n3u,FA,W <small>(Mon)</small>
2026-08-30_03-08-08,PLAYER STATUS CHANGED,Sidiki Cherif,078wn,FA,W <small>(Mon)</small>
2026-08-30_03-08-08,PLAYER STATUS CHANGED,George Pickford,078lf,FA,W <small>(Mon)</small>
2026-08-30_03-08-08,PLAYER STATUS CHANGED,Ethan Pinnock,05tr1,FA,W <small>(Mon)</small>
2026-08-30_03-08-08,PLAYER STATUS CHANGED,Veljko Milosavljevic,070h9,FA,W <small>(Mon)</small>
2026-08-30_03-08-08,PLAYER STATUS CHANGED,Luca Williams-Barnett,06qq9,FA,W <small>(Tue)</small>
2026-08-30_03-08-08,PLAYER STATUS CHANGED,Jens Hjerto-Dahl,078fz,FA,W <small>(Mon)</small>
2026-08-30_03-08-08,PLAYER STATUS CHANGED,David Brooks,04rh9,FA,W <small>(Mon)</small>
2026-08-30_03-08-08,PLAYER STATUS CHANGED,Kevin Danso,057cr,FA,W <small>(Tue)</small>
2026-08-30_03-08-08,PLAYER STATUS CHANGED,Tim Iroegbunam,05t6z,FA,W <small>(Mon)</small>
2026-08-30_03-08-08,PLAYER STATUS CHANGED,Ben Wilson,076cx,FA,W <small>(Mon)</small>
2026-08-30_03-08-08,PLAYER STATUS CHANGED,Mark Travers,04vy4,FA,W <small>(Mon)</small>
2026-08-30_03-08-08,PLAYER STATUS CHANGED,Alex Toth,072pc,FA,W <small>(Mon)</small>
2026-08-30_03-08-08,PLAYER STATUS CHANGED,Ben Davies,02oo1,FA,W <small>(Tue)</small>
2026-08-30_03-08-08,PLAYER STATUS CHANGED,Matt Targett,0372y,FA,W <small>(Mon)</small>
2026-08-30_03-08-08,PLAYER STATUS CHANGED,Fraser Forster,02ltw,FA,W <small>(Mon)</small>
2026-08-30_03-08-08,PLAYER STATUS CHANGED,Julian Araujo,06p4l,FA,W <small>(Mon)</small>
2026-08-30_03-08-08,PLAYER STATUS CHANGED,Oliver Dovin,076cw,FA,W <small>(Mon)</small>
2026-08-30_03-08-08,PLAYER STATUS CHANGED,Sean Neave,06rnn,FA,W <small>(Tue)</small>
2026-08-30_03-08-08,PLAYER STATUS CHANGED,Josh Eccles,076d6,FA,W <small>(Mon)</small>
2026-08-30_03-08-08,PLAYER STATUS CHANGED,Adam Aznou,06zef,FA,W <small>(Mon)</small>
2026-08-30_03-08-08,PLAYER STATUS CHANGED,Ewen Jaouen,076ki,FA,W <small>(Tue)</small>
2026-08-30_03-08-08,PLAYER STATUS CHANGED,Souza,072py,FA,W <small>(Tue)</small>
2026-08-30_03-08-08,PLAYER STATUS CHANGED,Nathan Patterson,05yct,FA,W <small>(Mon)</small>
2026-08-30_03-08-08,PLAYER STATUS CHANGED,Mikel Jack,078t9,FA,W <small>(Tue)</small>
2026-08-30_03-08-08,PLAYER STATUS CHANGED,Julio Soler,06r7f,FA,W <small>(Mon)</small>
2026-08-30_03-08-08,PLAYER STATUS CHANGED,Paddy McNair,03jlw,FA,W <small>(Mon)</small>
2026-08-30_03-08-08,PLAYER STATUS CHANGED,Daniel Jebbison,05s00,FA,W <small>(Mon)</small>
2026-08-30_03-08-08,PLAYER STATUS CHANGED,Dane Scarlett,05nip,FA,W <small>(Tue)</small>
2026-08-30_03-08-08,PLAYER STATUS CHANGED,Max Aarons,051kg,FA,W <small>(Mon)</small>
2026-08-30_03-08-08,PLAYER STATUS CHANGED,Matai Akinmboni,06r5r,FA,W <small>(Mon)</small>
2026-08-30_03-08-08,PLAYER STATUS CHANGED,William Dennis,056as,FA,W <small>(Mon)</small>
2026-08-30_03-08-08,PLAYER STATUS CHANGED,Mark Gillespie,05n09,FA,W <small>(Tue)</small>
2026-08-30_03-08-08,PLAYER STATUS CHANGED,Darko Gyabi,062du,FA,W <small>(Mon)</small>
2026-08-30_03-08-08,PLAYER STATUS CHANGED,Tom King,06cmt,FA,W <small>(Mon)</small>
2026-08-30_03-08-08,PLAYER STATUS CHANGED,Dillon Phillips,076de,FA,W <small>(Mon)</small>
2026-08-30_03-08-08,PLAYER STATUS CHANGED,Remy Rees-Dottin,06r3w,FA,W <small>(Mon)</small>
2026-08-30_03-08-08,PLAYER STATUS CHANGED,Brandon Austin,04gyd,FA,W <small>(Tue)</small>
2026-08-30_03-08-08,PLAYER STATUS CHANGED,Kieran Dowell,03m5h,FA,W <small>(Mon)</small>
2026-08-30_03-08-08,PLAYER STATUS CHANGED,Aidan Harris,06h1g,FA,W <small>(Tue)</small>
2026-08-30_03-08-08,PLAYER STATUS CHANGED,Kaine Hayden,05rey,FA,W <small>(Mon)</small>
2026-08-30_03-08-08,PLAYER STATUS CHANGED,Leo Shahar,06on5,FA,W <small>(Tue)</small>
2026-08-30_03-08-08,PLAYER STATUS CHANGED,Raphael Borges Rodrigues,0784j,FA,W <small>(Mon)</small>
2026-08-30_03-08-08,PLAYER STATUS CHANGED,Cody Drameh,05roa,FA,W <small>(Mon)</small>
2026-08-30_03-08-08,PLAYER STATUS CHANGED,Reiss Elliot-Parris,078qj,FA,W <small>(Tue)</small>
2026-08-30_03-08-08,PLAYER STATUS CHANGED,Kota Takai,06ya6,FA,W <small>(Tue)</small>
2026-08-30_03-08-08,PLAYER STATUS CHANGED,Luke Woolfenden,06mfy,FA,W <small>(Mon)</small>
2026-08-30_03-08-08,PLAYER STATUS CHANGED,Oscar Zambrano,0784t,FA,W <small>(Mon)</small>
2026-08-30_03-08-08,PLAYER STATUS CHANGED,Miracle Adewole,078qi,FA,W <small>(Tue)</small>
2026-08-30_03-08-08,PLAYER STATUS CHANGED,David Akintola,076dr,FA,W <small>(Mon)</small>
2026-08-30_03-08-08,PLAYER STATUS CHANGED,Daniel Bentley,02lo6,FA,W <small>(Mon)</small>
2026-08-30_03-08-08,PLAYER STATUS CHANGED,Michele Di Gregorio,07918,FA,W <small>(Mon)</small>
2026-08-30_03-08-08,PLAYER STATUS CHANGED,Jake Bidwell,02lpi,FA,W <small>(Mon)</small>
2026-08-30_03-08-08,PLAYER STATUS CHANGED,Miguel Angel Brau,076d1,FA,W <small>(Mon)</small>
2026-08-30_03-08-08,PLAYER STATUS CHANGED,Harvey Foster,078lg,FA,W <small>(Mon)</small>
2026-08-30_03-08-08,PLAYER STATUS CHANGED,Henry Johnson,078gi,FA,W <small>(Tue)</small>
2026-08-30_03-08-08,PLAYER STATUS CHANGED,Joel Latibeaudiere,04h87,FA,W <small>(Mon)</small>
2026-08-30_03-08-08,NEW PLAYER,James Scanlon,06muk,,ARS | W <small>(Mon)</small>
2026-08-30_03-08-08,PLAYER STATUS CHANGED,Matty Jacob,076di,FA,W <small>(Mon)</small>
2026-08-30_03-08-08,PLAYER STATUS CHANGED,Eliot Matazo,076dl,FA,W <small>(Mon)</small>
2026-08-30_03-08-08,PLAYER STATUS CHANGED,Abdulkadir Omur,0784s,FA,W <small>(Mon)</small>
2026-08-30_03-08-08,PLAYER STATUS CHANGED,Archie Howard,076df,FA,W <small>(Mon)</small>
2026-08-30_03-08-08,PLAYER STATUS CHANGED,Tyrell Sellars-Fleming,078yi,FA,W <small>(Mon)</small>
2026-08-30_03-08-08,PLAYER STATUS CHANGED,Keith Andrews,02lzt,FA,W <small>(Mon)</small>
2026-08-30_03-08-08,PLAYER STATUS CHANGED,Conor Gallagher,051k8,FA,W <small>(Tue)</small>
2026-08-30_03-08-08,PLAYER STATUS CHANGED,Jacob Murphy,03am7,FA,W <small>(Tue)</small>
2026-08-30_03-08-08,PLAYER STATUS CHANGED,Lucas Bergvall,06mn7,FA,W <small>(Tue)</small>
2026-08-30_03-08-08,PLAYER STATUS CHANGED,Carlos Alcaraz,0687c,FA,W <small>(Mon)</small>
2026-08-30_03-08-08,PLAYER STATUS CHANGED,Rodrigo Bentancur,05ylw,FA,W <small>(Tue)</small>
2026-08-30_09-28-25,PLAYER STATUS CHANGED,Hayden Hackney,0784p,W <small>(Sun)</small>,W <small>(Mon)</small>
2026-08-30_09-28-25,WAIVERS CLEARED / NOW FA,Danny Ballard,05nns,W <small>(Sun)</small>,FA
2026-08-30_09-28-25,PLAYER DROPPED / NOW FA,Carlos Baleba,06fwi,Squirtz,FA
2026-08-30_09-28-25,WAIVER CLAIMED,Leon Goretzka,0792z,W <small>(Sun)</small>,Squirtz
2026-08-30_09-28-25,PLAYER STATUS CHANGED,Mohamed-Ali Cho,07934,W <small>(Sun)</small>,W <small>(Mon)</small>
2026-08-30_09-28-25,WAIVERS CLEARED / NOW FA,Freddie Simmonds,06s7r,W <small>(Sun)</small>,FA
2026-08-30_09-28-25,WAIVERS CLEARED / NOW FA,Shane Nti,07931,W <small>(Sun)</small>,FA
2026-08-30_09-28-25,WAIVERS CLEARED / NOW FA,Chibby Nwoko,07933,W <small>(Sun)</small>,FA
2026-08-30_09-28-25,WAIVERS CLEARED / NOW FA,Josh Robertson,07930,W <small>(Sun)</small>,FA
2026-08-30_09-28-25,WAIVERS CLEARED / NOW FA,Bradley Slade,07932,W <small>(Sun)</small>,FA
2026-08-31_15-10-08,PLAYER STATUS CHANGED,Abdul Fatawu,06mgd,FA,W <small>(Wed)</small>
2026-08-31_15-10-08,PLAYER STATUS CHANGED,Leif Davis,05nil,FA,W <small>(Wed)</small>
2026-08-31_15-10-08,PLAYER STATUS CHANGED,Romeo Lavia,05unu,FA,W <small>(Tue)</small>
2026-08-31_15-10-08,PLAYER STATUS CHANGED,Malick Yalcouye,06msb,FA,W <small>(Tue)</small>
2026-08-31_15-10-08,PLAYER STATUS CHANGED,Noah Sadiki,06y59,FA,W <small>(Tue)</small>
2026-08-31_15-10-08,PLAYER DROPPED TO WAIVERS,Lewis Dunk,04e1c,Bravo,W <small>(Tue)</small>
2026-08-31_15-10-08,PLAYER STATUS CHANGED,Olivier Boscagli,06y26,FA,W <small>(Tue)</small>
2026-08-31_15-10-08,PLAYER STATUS CHANGED,Reinildo,06yb9,FA,W <small>(Tue)</small>
2026-08-31_15-10-08,PLAYER STATUS CHANGED,Issa Diop,04qos,FA,W <small>(Wed)</small>
2026-08-31_15-10-08,PLAYER STATUS CHANGED,Danny Ballard,05nns,FA,W <small>(Tue)</small>
2026-08-31_15-10-08,WAIVERS CLEARED / NOW FA,Adam Wharton,06jgs,W <small>(Mon)</small>,FA
2026-08-31_15-10-08,PLAYER STATUS CHANGED,Trai Hume,06v0g,FA,W <small>(Tue)</small>
2026-08-31_15-10-08,PLAYER STATUS CHANGED,Jaka Bijol,06v51,FA,W <small>(Tue)</small>
2026-08-31_15-10-08,WAIVERS CLEARED / NOW FA,Jaydee Canvot,070hb,W <small>(Mon)</small>,FA
2026-08-31_15-10-08,PLAYER STATUS CHANGED,Wilson Isidor,06v0t,FA,W <small>(Tue)</small>
2026-08-31_15-10-08,WAIVERS CLEARED / NOW FA,Daichi Kamada,06mnc,W <small>(Mon)</small>,FA
2026-08-31_15-10-08,PLAYER STATUS CHANGED,Chuba Akpom,0326x,FA,W <small>(Wed)</small>
2026-08-31_15-10-08,WAIVERS CLEARED / NOW FA,Yeremy Pino,070f9,W <small>(Mon)</small>,FA
2026-08-31_15-10-08,PLAYER STATUS CHANGED,Kobbie Mainoo,0666p,FA,W <small>(Wed)</small>
2026-08-31_15-10-08,WAIVERS CLEARED / NOW FA,Anan Khalaili,078qg,W <small>(Mon)</small>,FA
2026-08-31_15-10-08,PLAYER STATUS CHANGED,Jayden Bogle,05o8o,FA,W <small>(Tue)</small>
2026-08-31_15-10-08,PLAYER STATUS CHANGED,Sasa Lukic,068yt,FA,W <small>(Wed)</small>
2026-08-31_15-10-08,PLAYER STATUS CHANGED,Marcelino Nunez,076dv,FA,W <small>(Wed)</small>
2026-08-31_15-10-08,PLAYER STATUS CHANGED,Sander Berge,05gcs,FA,W <small>(Tue)</small>
2026-08-31_15-10-08,PLAYER STATUS CHANGED,Jorge Cuenca,06nyw,FA,W <small>(Tue)</small>
2026-08-31_15-10-08,PLAYER STATUS CHANGED,Bernd Leno,04qor,FA,W <small>(Tue)</small>
2026-08-31_15-10-08,PLAYER STATUS CHANGED,Kjell Scherpen,05uds,FA,W <small>(Wed)</small>
2026-08-31_15-10-08,PLAYER STATUS CHANGED,Calvin Bassey,0554g,FA,W <small>(Tue)</small>
2026-08-31_15-10-08,WAIVERS CLEARED / NOW FA,Eddie Nketiah,04ge9,W <small>(Mon)</small>,FA
2026-08-31_15-10-08,PLAYER STATUS CHANGED,Lukas Nmecha,04lnu,FA,W <small>(Tue)</small>
2026-08-31_15-10-08,PLAYER STATUS CHANGED,Emiliano Martinez,02lz0,FA,W <small>(Tue)</small>
2026-08-31_15-10-08,EPL CLUB CHANGED,Emiliano Martinez,02lz0,AVL,CHE
2026-08-31_15-10-08,PLAYER STATUS CHANGED,Antonin Kinsky,06r6s,W <small>(Sun)</small>,W <small>(Tue)</small>
2026-08-31_15-10-08,PLAYER STATUS CHANGED,Malo Gusto,06clz,FA,W <small>(Tue)</small>
2026-08-31_15-10-08,PLAYER STATUS CHANGED,Charalampos Kostoulas,06xzd,FA,W <small>(Tue)</small>
2026-08-31_15-10-08,PLAYER STATUS CHANGED,Habib Diarra,06y29,FA,W <small>(Tue)</small>
2026-08-31_15-10-08,FREE AGENT CLAIMED,Mikkel Damsgaard,063q8,FA,Bravo
2026-08-31_15-10-08,WAIVERS CLEARED / NOW FA,Tyrick Mitchell,05akv,W <small>(Mon)</small>,FA
2026-08-31_15-10-08,WAIVERS CLEARED / NOW FA,Dean Henderson,03yww,W <small>(Mon)</small>,FA
2026-08-31_15-10-08,PLAYER STATUS CHANGED,Brenden Aaronson,061vp,FA,W <small>(Tue)</small>
2026-08-31_15-10-08,PLAYER STATUS CHANGED,Noussair Mazraoui,06p4j,FA,W <small>(Wed)</small>
2026-08-31_15-10-08,FREE AGENT CLAIMED,Oscar Bobb,05ye7,FA,007
2026-08-31_15-10-08,PLAYER STATUS CHANGED,Noah Okafor,070cj,FA,W <small>(Tue)</small>
2026-08-31_15-10-08,PLAYER DROPPED TO WAIVERS,Andrey Santos,068a0,007,W <small>(Tue)</small>
2026-08-31_15-10-08,PLAYER STATUS CHANGED,Ayden Heaven,06kqy,FA,W <small>(Wed)</small>
2026-08-31_15-10-08,PLAYER STATUS CHANGED,Ryan Sessegnon,04qfm,FA,W <small>(Tue)</small>
2026-08-31_15-10-08,PLAYER STATUS CHANGED,Ferdi Kadioglu,06phe,FA,W <small>(Tue)</small>
2026-08-31_15-10-08,PLAYER STATUS CHANGED,Yasin Ayari,068yc,FA,W <small>(Tue)</small>
2026-08-31_15-10-08,WAIVERS CLEARED / NOW FA,Dwight McNeil,04p0d,W <small>(Mon)</small>,FA
2026-08-31_15-10-08,PLAYER STATUS CHANGED,Joachim Andersen,05os8,FA,W <small>(Tue)</small>
2026-08-31_15-10-08,FREE AGENT CLAIMED,Wesley Fofana,05opl,FA,Hoop
2026-08-31_15-10-08,PLAYER STATUS CHANGED,Jacob Greaves,06msc,FA,W <small>(Wed)</small>
2026-08-31_15-10-08,WAIVERS CLEARED / NOW FA,Takehiro Tomiyasu,05w9r,W <small>(Mon)</small>,FA
2026-08-31_15-10-08,PLAYER STATUS CHANGED,Nico Elvedi,078wo,FA,W <small>(Tue)</small>
2026-08-31_15-10-08,PLAYER STATUS CHANGED,Jaidon Anthony,061vk,W <small>(Mon)</small>,W <small>(Tue)</small>
2026-08-31_15-10-08,PLAYER STATUS CHANGED,Rodrigo Muniz,061vn,FA,W <small>(Tue)</small>
2026-08-31_15-10-08,WAIVERS CLEARED / NOW FA,Rico Lewis,062x7,W <small>(Mon)</small>,FA
2026-08-31_15-10-08,PLAYER STATUS CHANGED,Emile Smith Rowe,04sat,FA,W <small>(Tue)</small>
2026-08-31_15-10-08,PLAYER STATUS CHANGED,Leny Yoro,06mx0,W <small>(Sun)</small>,W <small>(Wed)</small>
2026-08-31_15-10-08,PLAYER STATUS CHANGED,Ehor Yarmolyuk,066r9,FA,W <small>(Tue)</small>
2026-08-31_15-10-08,PLAYER STATUS CHANGED,Ao Tanaka,06uzy,FA,W <small>(Tue)</small>
2026-08-31_15-10-08,WAIVERS CLEARED / NOW FA,Chadi Riad,06mnn,W <small>(Mon)</small>,FA
2026-08-31_15-10-08,PLAYER STATUS CHANGED,Ibrahim Osman,06mn1,FA,W <small>(Tue)</small>
2026-08-31_15-10-08,PLAYER STATUS CHANGED,Daniel James,03yr0,FA,W <small>(Tue)</small>
2026-08-31_15-10-08,PLAYER STATUS CHANGED,Exequiel Palacios,0793h,W <small>(Sun)</small>,W <small>(Wed)</small>
2026-08-31_15-10-08,PLAYER STATUS CHANGED,Romaine Mundle,05udw,FA,W <small>(Tue)</small>
2026-08-31_15-10-08,PLAYER DROPPED TO WAIVERS,Jurrien Timber,06dmj,Hoop,W <small>(Tue)</small>
2026-08-31_15-10-08,PLAYER STATUS CHANGED,Estevao,06yxe,FA,W <small>(Tue)</small>
2026-08-31_15-10-08,PLAYER STATUS CHANGED,Yankuba Minteh,06c6g,FA,W <small>(Tue)</small>
2026-08-31_15-10-08,WAIVERS CLEARED / NOW FA,Rayan Ait-Nouri,05os4,W <small>(Mon)</small>,FA
2026-08-31_15-10-08,WAIVERS CLEARED / NOW FA,Oscar Mingueza,0784o,W <small>(Mon)</small>,FA
2026-08-31_15-10-08,PLAYER STATUS CHANGED,Danny Welbeck,02lnx,FA,W <small>(Tue)</small>
2026-08-31_15-10-08,PLAYER STATUS CHANGED,Carlos Baleba,06fwi,FA,W <small>(Wed)</small>
2026-08-31_15-10-08,PLAYER STATUS CHANGED,Cesar Palacios,07897,FA,W <small>(Tue)</small>
2026-08-31_15-10-08,PLAYER STATUS CHANGED,Jaden Philogene,05rff,FA,W <small>(Wed)</small>
2026-08-31_15-10-08,PLAYER STATUS CHANGED,Sepp van den Berg,05220,FA,W <small>(Tue)</small>
2026-08-31_15-10-08,PLAYER STATUS CHANGED,Geovany Quenda,076kf,FA,W <small>(Tue)</small>
2026-08-31_15-10-08,PLAYER STATUS CHANGED,Pep Chavarria,078le,FA,W <small>(Tue)</small>
2026-08-31_15-10-08,PLAYER STATUS CHANGED,Kenny Tete,05oeh,FA,W <small>(Tue)</small>
2026-08-31_15-10-08,WAIVERS CLEARED / NOW FA,Mateo Kovacic,04u41,W <small>(Mon)</small>,FA
2026-08-31_15-10-08,PLAYER STATUS CHANGED,Mykhailo Mudryk,068a1,FA,W <small>(Tue)</small>
2026-08-31_15-10-08,PLAYER STATUS CHANGED,Valentin Barco,06j20,FA,W <small>(Tue)</small>
2026-08-31_15-10-08,WAIVER CLAIMED,El Hadji Malick Diouf,06ymu,W <small>(Sun)</small>,TA
2026-08-31_15-10-08,PLAYER STATUS CHANGED,Matthijs de Ligt,06p4k,FA,W <small>(Wed)</small>
2026-08-31_15-10-08,PLAYER STATUS CHANGED,Chemsdine Talbi,06ybq,FA,W <small>(Tue)</small>
2026-08-31_15-10-08,PLAYER STATUS CHANGED,Mason Mount,052cd,FA,W <small>(Wed)</small>
2026-08-31_15-10-08,PLAYER STATUS CHANGED,Gabriel Gudmundsson,06yb7,FA,W <small>(Tue)</small>
2026-08-31_15-10-08,PLAYER STATUS CHANGED,Shea Charles,05uhq,FA,W <small>(Tue)</small>
2026-08-31_15-10-08,PLAYER STATUS CHANGED,Emmanuel Emegha,076kg,FA,W <small>(Tue)</small>
2026-08-31_15-10-08,PLAYER STATUS CHANGED,Jamie Gittens,06y9n,FA,W <small>(Tue)</small>
2026-08-31_15-10-08,PLAYER STATUS CHANGED,Callum Wilson,03r8x,FA,W <small>(Tue)</small>
2026-08-31_15-10-08,PLAYER STATUS CHANGED,Matt O'Riley,04qfq,FA,W <small>(Tue)</small>
2026-08-31_15-10-08,PLAYER STATUS CHANGED,Lucas Perri,04ym7,FA,W <small>(Tue)</small>
2026-08-31_15-10-08,PLAYER STATUS CHANGED,Joshua Zirkzee,06mve,FA,W <small>(Wed)</small>
2026-08-31_15-10-08,PLAYER STATUS CHANGED,Mike Penders,06uzt,FA,W <small>(Tue)</small>
2026-08-31_15-10-08,PLAYER STATUS CHANGED,Stefanos Tzimas,06xzc,FA,W <small>(Tue)</small>
2026-08-31_15-10-08,PLAYER STATUS CHANGED,Florentino,070ha,FA,W <small>(Wed)</small>
2026-08-31_15-10-08,PLAYER STATUS CHANGED,Zadok Yohanna,076ke,FA,W <small>(Tue)</small>
2026-08-31_15-10-08,PLAYER STATUS CHANGED,Sean Longstaff,04ug0,FA,W <small>(Tue)</small>
2026-08-31_15-10-08,PLAYER STATUS CHANGED,Evan Ferguson,05vyj,FA,W <small>(Tue)</small>
2026-08-31_15-10-08,PLAYER STATUS CHANGED,Luke O'Nien,06v0m,FA,W <small>(Tue)</small>
2026-08-31_15-10-08,PLAYER STATUS CHANGED,Karl Darlow,03pif,FA,W <small>(Wed)</small>
2026-08-31_15-10-08,PLAYER STATUS CHANGED,Shea Lacey,06v0c,FA,W <small>(Wed)</small>
2026-08-31_15-10-08,PLAYER STATUS CHANGED,Christian Walton,04fjz,FA,W <small>(Wed)</small>
2026-08-31_15-10-08,PLAYER STATUS CHANGED,Jordan Henderson,02lk5,FA,W <small>(Tue)</small>
2026-08-31_15-10-08,PLAYER STATUS CHANGED,Chris Rigg,06v0l,FA,W <small>(Tue)</small>
2026-08-31_15-10-08,WAIVERS CLEARED / NOW FA,Axel Disasi,06ew2,W <small>(Mon)</small>,FA
2026-08-31_15-10-08,WAIVERS CLEARED / NOW FA,Jefferson Lerma,04tzt,W <small>(Mon)</small>,FA
2026-08-31_15-10-08,WAIVERS CLEARED / NOW FA,Zavier Gozo,078wk,W <small>(Mon)</small>,FA
2026-08-31_15-10-08,PLAYER STATUS CHANGED,Sindre Egeli,076dx,FA,W <small>(Wed)</small>
2026-08-31_15-10-08,PLAYER STATUS CHANGED,Simon Adingra,0626q,FA,W <small>(Tue)</small>
2026-08-31_15-10-08,PLAYER STATUS CHANGED,Tosin Adarabioyo,03yeg,FA,W <small>(Tue)</small>
2026-08-31_15-10-08,PLAYER STATUS CHANGED,Wilfried Gnonto,064a0,FA,W <small>(Tue)</small>
2026-08-31_15-10-08,PLAYER STATUS CHANGED,Jason Steele,04rha,FA,W <small>(Tue)</small>
2026-08-31_15-10-08,WAIVERS CLEARED / NOW FA,Jeremy Monga,06rmv,W <small>(Mon)</small>,FA
2026-08-31_15-10-08,WAIVERS CLEARED / NOW FA,Geronimo Rulli,04ai5,W <small>(Mon)</small>,FA
2026-08-31_15-10-08,PLAYER STATUS CHANGED,Hakon Valdimarsson,06jfe,FA,W <small>(Tue)</small>
2026-08-31_15-10-08,WAIVERS CLEARED / NOW FA,Vitor Reis,06r9x,W <small>(Mon)</small>,FA
2026-08-31_15-10-08,WAIVERS CLEARED / NOW FA,Walter Benitez,06xze,W <small>(Mon)</small>,FA
2026-08-31_15-10-08,PLAYER STATUS CHANGED,Harry Amass,06l2r,FA,W <small>(Wed)</small>
2026-08-31_15-10-08,PLAYER STATUS CHANGED,Rico Henry,05tqz,FA,W <small>(Tue)</small>
2026-08-31_15-10-08,PLAYER STATUS CHANGED,Jonah Kusi-Asare,070hr,FA,W <small>(Tue)</small>
2026-08-31_15-10-08,PLAYER STATUS CHANGED,Antoni Milambo,06y4g,FA,W <small>(Tue)</small>
2026-08-31_15-10-08,PLAYER STATUS CHANGED,Marc Guiu,06mnm,FA,W <small>(Tue)</small>
2026-08-31_15-10-08,WAIVERS CLEARED / NOW FA,Will Hughes,04f6o,W <small>(Mon)</small>,FA
2026-08-31_15-10-08,PLAYER STATUS CHANGED,Manuel Ugarte,06pib,FA,W <small>(Wed)</small>
2026-08-31_15-10-08,PLAYER STATUS CHANGED,Melker Ellborg,072zp,FA,W <small>(Tue)</small>
2026-08-31_15-10-08,WAIVERS CLEARED / NOW FA,Romain Esse,06r9h,W <small>(Mon)</small>,FA
2026-08-31_15-10-08,PLAYER STATUS CHANGED,Fabio Carvalho,05ojf,FA,W <small>(Tue)</small>
2026-08-31_15-10-08,WAIVERS CLEARED / NOW FA,Claudio Echeverri,06kyw,W <small>(Mon)</small>,FA
2026-08-31_15-10-08,PLAYER STATUS CHANGED,Darnell Furlong,03mga,FA,W <small>(Wed)</small>
2026-08-31_15-10-08,PLAYER STATUS CHANGED,Azor Matusiwa,076du,FA,W <small>(Wed)</small>
2026-08-31_15-10-08,PLAYER STATUS CHANGED,Dayann Methalie,078yh,FA,W <small>(Tue)</small>
2026-08-31_15-10-08,PLAYER STATUS CHANGED,Jannik Schuster,076kc,FA,W <small>(Tue)</small>
2026-08-31_15-10-08,PLAYER STATUS CHANGED,Jack Taylor,06mg2,FA,W <small>(Wed)</small>
2026-08-31_15-10-08,PLAYER STATUS CHANGED,Tom Cairney,0328q,FA,W <small>(Tue)</small>
2026-08-31_15-10-08,PLAYER STATUS CHANGED,Tyler Fletcher,06v0a,FA,W <small>(Wed)</small>
2026-08-31_15-10-08,PLAYER STATUS CHANGED,Kaye Furo,072mp,FA,W <small>(Tue)</small>
2026-08-31_15-10-08,WAIVERS CLEARED / NOW FA,Justin Devenny,06kx1,W <small>(Mon)</small>,FA
2026-08-31_15-10-08,WAIVERS CLEARED / NOW FA,Matheus Franca,06exa,W <small>(Mon)</small>,FA
2026-08-31_15-10-08,PLAYER STATUS CHANGED,Tom Heaton,03dwz,FA,W <small>(Wed)</small>
2026-08-31_15-10-08,PLAYER STATUS CHANGED,Michael Svoboda,0784a,FA,W <small>(Tue)</small>
2026-08-31_15-10-08,PLAYER STATUS CHANGED,Dario Essugo,06uzv,FA,W <small>(Tue)</small>
2026-08-31_15-10-08,PLAYER STATUS CHANGED,Benoit Badiashile,06804,FA,W <small>(Tue)</small>
2026-08-31_15-10-08,PLAYER STATUS CHANGED,Mamadou Sarr,06uzu,FA,W <small>(Tue)</small>
2026-08-31_15-10-08,WAIVERS CLEARED / NOW FA,Cheick Doucoure,062ot,W <small>(Mon)</small>,FA
2026-08-31_15-10-08,PLAYER STATUS CHANGED,Abdoul Ouattara,078t8,FA,W <small>(Wed)</small>
2026-08-31_15-10-08,WAIVERS CLEARED / NOW FA,Marcus Bettinelli,02ls8,W <small>(Mon)</small>,FA
2026-08-31_15-10-08,PLAYER STATUS CHANGED,Igor Julio,06eka,FA,W <small>(Tue)</small>
2026-08-31_15-10-08,PLAYER STATUS CHANGED,Jack Fletcher,06mul,FA,W <small>(Wed)</small>
2026-08-31_15-10-08,PLAYER STATUS CHANGED,Ilia Gruev,06v01,FA,W <small>(Tue)</small>
2026-08-31_15-10-08,PLAYER STATUS CHANGED,Kim Ji-Soo,06dpw,FA,W <small>(Tue)</small>
2026-08-31_15-10-08,PLAYER STATUS CHANGED,Kasey McAteer,05y55,FA,W <small>(Wed)</small>
2026-08-31_15-10-08,WAIVERS CLEARED / NOW FA,Borna Sosa,06yey,W <small>(Mon)</small>,FA
2026-08-31_15-10-08,WAIVERS CLEARED / NOW FA,Ryan McAidoo,0722t,W <small>(Mon)</small>,FA
2026-08-31_15-10-08,PLAYER STATUS CHANGED,Anis Mehmeti,076dw,FA,W <small>(Wed)</small>
2026-08-31_15-10-08,PLAYER STATUS CHANGED,Gustavo Nunes,06phr,FA,W <small>(Tue)</small>
2026-08-31_15-10-08,WAIVERS CLEARED / NOW FA,David Ozoh,062ow,W <small>(Mon)</small>,FA
2026-08-31_15-10-08,PLAYER STATUS CHANGED,Alex Palmer,03p9y,FA,W <small>(Wed)</small>
2026-08-31_15-10-08,PLAYER STATUS CHANGED,Gabriel Slonina,063c2,FA,W <small>(Tue)</small>
2026-08-31_15-10-08,PLAYER STATUS CHANGED,Simon Moore,033l8,FA,W <small>(Tue)</small>
2026-08-31_15-10-08,PLAYER STATUS CHANGED,Reggie Watson,0784e,FA,W <small>(Tue)</small>
2026-08-31_15-10-08,PLAYER STATUS CHANGED,Ajibola Alese,05ogg,FA,W <small>(Tue)</small>
2026-08-31_15-10-08,PLAYER STATUS CHANGED,Toby Collyer,06crn,FA,W <small>(Wed)</small>
2026-08-31_15-10-08,WAIVERS CLEARED / NOW FA,Remi Matthews,05ubh,W <small>(Mon)</small>,FA
2026-08-31_15-10-08,PLAYER STATUS CHANGED,Mahdi Nicoll-Jazuli,0784f,FA,W <small>(Tue)</small>
2026-08-31_15-10-08,WAIVERS CLEARED / NOW FA,Jesurun Rak-Sakyi,05rjn,W <small>(Mon)</small>,FA
2026-08-31_15-10-08,PLAYER STATUS CHANGED,Olutayo Subuloye,0784c,FA,W <small>(Tue)</small>
2026-08-31_15-10-08,WAIVERS CLEARED / NOW FA,Joshua Wilson-Esbrand,05wwd,W <small>(Mon)</small>,FA
2026-08-31_15-10-08,PLAYER STATUS CHANGED,Aaron Anselmino,06r5m,FA,W <small>(Tue)</small>
2026-08-31_15-10-08,PLAYER STATUS CHANGED,Alan Browne,06v0k,FA,W <small>(Tue)</small>
2026-08-31_15-10-08,WAIVERS CLEARED / NOW FA,Max-Edgar Chabot,078hj,W <small>(Mon)</small>,FA
2026-08-31_15-10-08,PLAYER STATUS CHANGED,Rhys Chadwick,06yxd,FA,W <small>(Tue)</small>
2026-08-31_15-10-08,PLAYER STATUS CHANGED,Jaouen Hadjam,0791n,FA,W <small>(Tue)</small>
2026-08-31_15-10-08,PLAYER STATUS CHANGED,Benjamin Lecomte,06zbw,FA,W <small>(Tue)</small>
2026-08-31_15-10-08,PLAYER STATUS CHANGED,Rory Mahady,06yxc,FA,W <small>(Tue)</small>
2026-08-31_15-10-08,PLAYER STATUS CHANGED,Harrison Reed,037mt,FA,W <small>(Tue)</small>
2026-08-31_15-10-08,PLAYER STATUS CHANGED,Jenson Seelt,06v0f,FA,W <small>(Tue)</small>
2026-08-31_15-10-08,PLAYER STATUS CHANGED,David Button,02t13,FA,W <small>(Wed)</small>
2026-08-31_15-10-08,PLAYER STATUS CHANGED,Amario Cozier-Duberry,064oo,FA,W <small>(Tue)</small>
2026-08-31_15-10-08,PLAYER STATUS CHANGED,Luc De Fougerolles,06ewn,FA,W <small>(Tue)</small>
2026-08-31_15-10-08,PLAYER STATUS CHANGED,Theo Mawene,078gf,FA,W <small>(Tue)</small>
2026-08-31_15-10-08,PLAYER STATUS CHANGED,Sam Byram,03ysd,FA,W <small>(Tue)</small>
2026-08-31_15-10-08,PLAYER STATUS CHANGED,Cedric Kipre,05o6g,FA,W <small>(Wed)</small>
2026-08-31_15-10-08,PLAYER STATUS CHANGED,Jocelin Ta Bi,072o9,FA,W <small>(Tue)</small>
2026-08-31_15-10-08,PLAYER STATUS CHANGED,Eiran Cashin,06rlf,FA,W <small>(Tue)</small>
2026-08-31_15-10-08,PLAYER STATUS CHANGED,Jayden Meghoma,06mgk,FA,W <small>(Tue)</small>
2026-08-31_15-10-08,PLAYER STATUS CHANGED,Chiedozie Ogbene,06cm4,FA,W <small>(Wed)</small>
2026-08-31_15-10-08,WAIVERS CLEARED / NOW FA,Joseph Whitworth,062pa,W <small>(Mon)</small>,FA
2026-08-31_15-10-08,PLAYER STATUS CHANGED,Macauley Zepa,078g5,FA,W <small>(Tue)</small>
2026-08-31_15-10-08,PLAYER STATUS CHANGED,Kayne van Oevelen,0784v,FA,W <small>(Wed)</small>
2026-08-31_15-10-08,PLAYER STATUS CHANGED,Ellery Balcombe,05u40,FA,W <small>(Tue)</small>
2026-08-31_15-10-08,PLAYER STATUS CHANGED,Sam Chambers,06v00,FA,W <small>(Tue)</small>
2026-08-31_15-10-08,PLAYER STATUS CHANGED,Alfie Cresswell,075zi,FA,W <small>(Tue)</small>
2026-08-31_15-10-08,PLAYER STATUS CHANGED,Solomon Honor,078lh,FA,W <small>(Wed)</small>
2026-08-31_15-10-08,PLAYER STATUS CHANGED,Jayden Lienou,075sh,FA,W <small>(Tue)</small>
2026-08-31_15-10-08,PLAYER STATUS CHANGED,Dermot Mee,06ews,FA,W <small>(Wed)</small>
2026-08-31_15-10-08,NEW PLAYER,Stephen Mfuni,06nbu,,COV | W <small>(Tue)</small>
2026-08-31_15-10-08,PLAYER STATUS CHANGED,Callum Mills,0788b,FA,W <small>(Tue)</small>
2026-08-31_15-10-08,PLAYER STATUS CHANGED,Nehemiah Oriola,072at,FA,W <small>(Tue)</small>
2026-08-31_15-10-08,PLAYER STATUS CHANGED,Abdoullah Ba,06xzn,FA,W <small>(Tue)</small>
2026-08-31_15-10-08,PLAYER STATUS CHANGED,Alex Cairns,06uzw,FA,W <small>(Tue)</small>
2026-08-31_15-10-08,PLAYER STATUS CHANGED,Fred Heath,078gh,FA,W <small>(Wed)</small>
2026-08-31_15-10-08,PLAYER STATUS CHANGED,Jules Ahoka,0790i,FA,W <small>(Tue)</small>
2026-08-31_15-10-08,PLAYER STATUS CHANGED,Alex Borto,06ewm,FA,W <small>(Tue)</small>
2026-08-31_15-10-08,WAIVERS CLEARED / NOW FA,Kaden Braithwaite,06pry,W <small>(Mon)</small>,FA
2026-08-31_15-10-08,PLAYER STATUS CHANGED,Josh Dasilva,048xg,FA,W <small>(Tue)</small>
2026-08-31_15-10-08,PLAYER STATUS CHANGED,Benjamin Fredrick,06igq,FA,W <small>(Tue)</small>
2026-08-31_15-10-08,PLAYER STATUS CHANGED,Thomas McGill,05rbn,FA,W <small>(Tue)</small>
2026-08-31_15-10-08,PLAYER STATUS CHANGED,Jesse Middleton,078gg,FA,W <small>(Tue)</small>
2026-08-31_15-10-08,PLAYER STATUS CHANGED,Darryl Ombang,0788a,FA,W <small>(Tue)</small>
2026-08-31_15-10-08,PLAYER STATUS CHANGED,Luca Picotto,078ge,FA,W <small>(Tue)</small>
2026-08-31_15-10-08,PLAYER STATUS CHANGED,Luis Semedo,06xzp,FA,W <small>(Tue)</small>
2026-08-31_15-10-08,PLAYER STATUS CHANGED,Charlie Tasker,06rwp,FA,W <small>(Tue)</small>
2026-08-31_15-10-08,PLAYER STATUS CHANGED,Teddy Sharman-Lowe,05xtr,FA,W <small>(Tue)</small>
2026-08-31_15-10-08,PLAYER STATUS CHANGED,Caelan Avenell,078gc,FA,W <small>(Tue)</small>
2026-08-31_15-10-08,PLAYER STATUS CHANGED,Charlie Compton,0791o,FA,W <small>(Wed)</small>
2026-08-31_15-10-08,PLAYER STATUS CHANGED,Andre Grey,078gd,FA,W <small>(Tue)</small>
2026-08-31_15-10-08,PLAYER STATUS CHANGED,Cameron Humphreys,06mg4,FA,W <small>(Wed)</small>
2026-08-31_15-10-08,PLAYER STATUS CHANGED,Freddie Simmonds,06s7r,FA,W <small>(Tue)</small>
2026-08-31_15-10-08,PLAYER STATUS CHANGED,Tudor Mendel-Idowu,0791p,FA,W <small>(Wed)</small>
2026-08-31_15-10-08,PLAYER STATUS CHANGED,Shane Nti,07931,FA,W <small>(Tue)</small>
2026-08-31_15-10-08,PLAYER STATUS CHANGED,Chibby Nwoko,07933,FA,W <small>(Tue)</small>
2026-08-31_15-10-08,NEW PLAYER,Habeeb Ogunneye,06kue,,ARS | W <small>(Tue)</small>
2026-08-31_15-10-08,NEW PLAYER,Matias Orozco,0793o,,BHA | W <small>(Wed)</small>
2026-08-31_15-10-08,PLAYER STATUS CHANGED,Josh Robertson,07930,FA,W <small>(Tue)</small>
2026-08-31_15-10-08,PLAYER STATUS CHANGED,Bradley Slade,07932,FA,W <small>(Tue)</small>
2026-08-31_15-10-08,NEW PLAYER,Michael Zetterer,0793n,,LEE | W <small>(Wed)</small>
2026-08-31_15-10-08,PLAYER STATUS CHANGED,Kevin,070hj,FA,W <small>(Tue)</small>
2026-08-31_15-10-08,PLAYER STATUS CHANGED,Omar Alderete,0700t,FA,W <small>(Tue)</small>
2026-08-31_15-10-08,WAIVERS CLEARED / NOW FA,Evann Guessand,06zwj,W <small>(Mon)</small>,FA
2026-08-31_15-10-08,PLAYER STATUS CHANGED,Aaron Hickey,062og,FA,W <small>(Tue)</small>
2026-08-31_15-10-08,PLAYER STATUS CHANGED,Costinha,076kd,FA,W <small>(Tue)</small>
2026-08-31_15-10-08,PLAYER STATUS CHANGED,Patrick Dorgu,06rlj,FA,W <small>(Wed)</small>
2026-08-31_15-10-08,PLAYER DROPPED TO WAIVERS,Joao Gomes,068yd,TA,W <small>(Tue)</small>
